,0
0,https://instagram.fdoh5-3.fna.fbcdn.net/v/t51.2885-15/e35/235999174_876718786585483_8746624294371647903_n.jpg?_nc_ht=instagram.fdoh5-3.fna.fbcdn.net&_nc_cat=107&_nc_ohc=klMejdhL6GwAX8i8FCm&edm=ABZsPhsBAAAA&ccb=7-4&oh=37461f8fdc878fc3a2c678d0f1196c50&oe=611BDF90&_nc_sid=4efc9f&ig_cache_key=MjYzNzM2ODgzNTQyMjM5OTAwMQ%3D%3D.2-ccb7-4
1,https://instagram.fdoh5-3.fna.fbcdn.net/v/t51.2885-15/e35/c0.90.720.720a/234415767_526503498634642_4671945477344329763_n.jpg?_nc_ht=instagram.fdoh5-3.fna.fbcdn.net&_nc_cat=110&_nc_ohc=Jb21QR0ypxUAX-x-9Ia&edm=ABZsPhsBAAAA&ccb=7-4&oh=422c9f6f1073c4df23ec3da658a6ce43&oe=611BC305&_nc_sid=4efc9f&ig_cache_key=MjYzNzIyMDQ0ODU5ODAxMDQ3NA%3D%3D.2-ccb7-4
2,https://instagram.fdoh5-2.fna.fbcdn.net/v/t51.2885-15/e35/235857484_428631535075444_2718571626632677514_n.jpg?_nc_ht=instagram.fdoh5-2.fna.fbcdn.net&_nc_cat=104&_nc_ohc=Qf-o-9M-zWoAX8djmR0&edm=ABZsPhsBAAAA&ccb=7-4&oh=10af1cbeeee9de5c7656e2d4dc9012de&oe=611A4C91&_nc_sid=4efc9f&ig_cache_key=MjYzNzg5NTI5MTA3NDg3MTA5Mg%3D%3D.2-ccb7-4
3,https://instagram.fdoh5-3.fna.fbcdn.net/v/t51.2885-15/e35/235857435_575130040168244_8305626491866874560_n.jpg?_nc_ht=instagram.fdoh5-3.fna.fbcdn.net&_nc_cat=1&_nc_ohc=5pmYjXqWvPsAX8tKnfm&edm=ABZsPhsBAAAA&ccb=7-4&oh=f5a65d4b224b48f0ca567cb0040828be&oe=611B8425&_nc_sid=4efc9f&ig_cache_key=MjYzODA4ODg1MTE2Njc3NzExMA%3D%3D.2-ccb7-4
4,https://instagram.fdoh5-2.fna.fbcdn.net/v/t51.2885-15/e35/234517259_538293537499936_6378297726604932235_n.jpg?_nc_ht=instagram.fdoh5-2.fna.fbcdn.net&_nc_cat=104&_nc_ohc=g_0IKc1adHEAX_H5hbf&edm=ABZsPhsBAAAA&ccb=7-4&oh=83eb5b3c69e05e7af39ba973f47767b2&oe=611ADE28&_nc_sid=4efc9f&ig_cache_key=MjYzNzQ2NDk5MDE3ODU0MzEzOQ%3D%3D.2-ccb7-4
5,https://instagram.fdoh5-2.fna.fbcdn.net/v/t51.2885-15/e35/234370264_319867073257516_6645007152237836413_n.jpg?_nc_ht=instagram.fdoh5-2.fna.fbcdn.net&_nc_cat=104&_nc_ohc=BryVumkzBasAX9oCduP&edm=ABZsPhsBAAAA&ccb=7-4&oh=7c45b7ce87007d564d4b4919ffd88c4b&oe=611BB53C&_nc_sid=4efc9f&ig_cache_key=MjYzNzQwMzI4MDIxMzcwMjA1MQ%3D%3D.2-ccb7-4
6,https://instagram.fdoh5-3.fna.fbcdn.net/v/t51.2885-15/e35/235284312_543491643561377_6350903721260245044_n.jpg?_nc_ht=instagram.fdoh5-3.fna.fbcdn.net&_nc_cat=105&_nc_ohc=0w9riGDi4tYAX9n2NUr&tn=Ig8Fz6UCVVwhp9tm&edm=ABZsPhsBAAAA&ccb=7-4&oh=fd1c397dc66a262c5f180255d60a4929&oe=611BB956&_nc_sid=4efc9f&ig_cache_key=MjYzNzk1MDc3NTQzMTc5MzA5Ng%3D%3D.2-ccb7-4
7,https://instagram.fdoh5-3.fna.fbcdn.net/v/t51.2885-15/e35/221385732_355603689565349_2009760351622511148_n.jpg?_nc_ht=instagram.fdoh5-3.fna.fbcdn.net&_nc_cat=105&_nc_ohc=IjX7vbc9w8sAX8bON2S&edm=ABZsPhsBAAAA&ccb=7-4&oh=ab71b3001756a7a99385182e7f0800b5&oe=611A6454&_nc_sid=4efc9f&ig_cache_key=MjYzNzk1MTU3MDMyOTY1NTYzMA%3D%3D.2-ccb7-4
8,https://instagram.fdoh5-2.fna.fbcdn.net/v/t51.2885-15/e35/234529841_2441571922643701_471133281072717074_n.jpg?_nc_ht=instagram.fdoh5-2.fna.fbcdn.net&_nc_cat=101&_nc_ohc=_BJKFb3NRToAX-RI3I8&tn=Ig8Fz6UCVVwhp9tm&edm=ABZsPhsBAAAA&ccb=7-4&oh=163cd9151988af7373735932b7905f13&oe=611AE01F&_nc_sid=4efc9f&ig_cache_key=MjYzNzEzMzI4MzM5MzYzMDM4NA%3D%3D.2-ccb7-4
9,https://instagram.fdoh5-2.fna.fbcdn.net/v/t51.2885-15/e35/c160.0.400.400a/236167741_130382869251971_7395969230175030851_n.jpg?_nc_ht=instagram.fdoh5-2.fna.fbcdn.net&_nc_cat=111&_nc_ohc=1abY3YDk9tUAX8Eb_nc&edm=AMKDjl4BAAAA&ccb=7-4&oh=0eb75ab31c98bef70c662d97411da96f&oe=611BC45C&_nc_sid=1fe099&ig_cache_key=MjYzODE4MzM2MDA3NTc4NjY3OQ%3D%3D.2-ccb7-4
10,https://instagram.fdoh5-2.fna.fbcdn.net/v/t51.2885-15/e35/236065201_2274942225976701_1037700353502977094_n.jpg?_nc_ht=instagram.fdoh5-2.fna.fbcdn.net&_nc_cat=109&_nc_ohc=TWrEjdo8hM8AX8uYkRE&edm=AMKDjl4BAAAA&ccb=7-4&oh=8484cf32e6f3f917d58ad001cbe62ded&oe=611A42C1&_nc_sid=1fe099&ig_cache_key=MjYzODE4MzMwOTI3NDA5NzU5Nw%3D%3D.2-ccb7-4
11,https://instagram.fdoh5-3.fna.fbcdn.net/v/t51.2885-15/e35/237069354_537592360898513_864711420172413049_n.jpg?_nc_ht=instagram.fdoh5-3.fna.fbcdn.net&_nc_cat=105&_nc_ohc=d6gdNHI2CEYAX_Y8lof&edm=AMKDjl4BAAAA&ccb=7-4&oh=cf0a07237b6750d1b2d8bed85fe3fa60&oe=611C1BB6&_nc_sid=1fe099&ig_cache_key=MjYzODE4Mjg5MjMyNjgwNDEwNw%3D%3D.2-ccb7-4
12,https://instagram.fdoh5-3.fna.fbcdn.net/v/t51.2885-15/e35/236477287_883757125881486_2166534547369885803_n.jpg?_nc_ht=instagram.fdoh5-3.fna.fbcdn.net&_nc_cat=106&_nc_ohc=xZuSeKFrTW8AX9zvEUD&tn=Ig8Fz6UCVVwhp9tm&edm=AMKDjl4BAAAA&ccb=7-4&oh=d62d17ac6976b2861be71fb23ba3e169&oe=611A5D4D&_nc_sid=1fe099&ig_cache_key=MjYzODE4MzEwMDMwNTE3MTI3Ng%3D%3D.2-ccb7-4
13,https://instagram.fdoh5-2.fna.fbcdn.net/v/t51.2885-15/e35/c54.0.972.972a/235974154_241569471026992_6826978088484355836_n.jpg?_nc_ht=instagram.fdoh5-2.fna.fbcdn.net&_nc_cat=104&_nc_ohc=deS-ZfdgR0YAX8BRkPE&edm=AMKDjl4BAAAA&ccb=7-4&oh=3444aaffa914d797f93495a3665530f3&oe=611AD179&_nc_sid=1fe099&ig_cache_key=MjYzODE4MzA3Nzk5OTE4MDM2Mw%3D%3D.2-ccb7-4
14,https://instagram.fdoh5-2.fna.fbcdn.net/v/t51.2885-15/e35/236623797_917412562189485_5325156986231937000_n.jpg?_nc_ht=instagram.fdoh5-2.fna.fbcdn.net&_nc_cat=109&_nc_ohc=wdjDg3dCvmMAX9hCCQu&edm=AMKDjl4BAAAA&ccb=7-4&oh=b6b103878f0f7d7d3f50c2fb67bba84b&oe=611A3DF8&_nc_sid=1fe099&ig_cache_key=MjYzODE4Mjk5MDIyOTAzMDE5NA%3D%3D.2-ccb7-4
15,https://instagram.fdoh5-2.fna.fbcdn.net/v/t51.2885-15/e35/235572808_786810591997022_8940745072462339061_n.jpg?_nc_ht=instagram.fdoh5-2.fna.fbcdn.net&_nc_cat=102&_nc_ohc=OPlHhQs5AWIAX-OV7mf&tn=Ig8Fz6UCVVwhp9tm&edm=AMKDjl4BAAAA&ccb=7-4&oh=6e5dfbe3df5b349193f5ff7640082a1d&oe=611BEE9C&_nc_sid=1fe099&ig_cache_key=MjYzODE4Mjk5NzQwMjQ1NjAwNQ%3D%3D.2-ccb7-4
16,https://instagram.fdoh5-3.fna.fbcdn.net/v/t51.2885-15/e35/235265421_393381729032910_1702842431378617092_n.jpg?_nc_ht=instagram.fdoh5-3.fna.fbcdn.net&_nc_cat=106&_nc_ohc=NPleoeQbShwAX-37RDo&edm=AMKDjl4BAAAA&ccb=7-4&oh=be0aa05a1917760793b33a34cba6d85e&oe=611A7CD6&_nc_sid=1fe099&ig_cache_key=MjYzODE4Mjk2NTQzNDA0NTA4NA%3D%3D.2-ccb7-4
17,https://instagram.fdoh5-2.fna.fbcdn.net/v/t51.2885-15/e35/235354789_2970958969847209_3167466640143760059_n.jpg?_nc_ht=instagram.fdoh5-2.fna.fbcdn.net&_nc_cat=101&_nc_ohc=kfMF8CuaWOoAX8vTFPL&tn=Ig8Fz6UCVVwhp9tm&edm=AMKDjl4BAAAA&ccb=7-4&oh=93a6fbb03058c5a3f67b2e937eabba5b&oe=611AA73B&_nc_sid=1fe099&ig_cache_key=MjYzODE4Mjg2MzA0MDMzMjY0NQ%3D%3D.2-ccb7-4
18,https://instagram.fdoh5-2.fna.fbcdn.net/v/t51.2885-15/e35/c161.0.356.356a/235586313_253209299978879_551036498555875870_n.jpg?_nc_ht=instagram.fdoh5-2.fna.fbcdn.net&_nc_cat=111&_nc_ohc=1obbWh1i680AX_AriEA&edm=AMKDjl4BAAAA&ccb=7-4&oh=32010e7501586b053da7c1639c484842&oe=611B73CB&_nc_sid=1fe099&ig_cache_key=MjYzODE4MjU0ODY1Mzk2NjkyNg%3D%3D.2-ccb7-4
19,https://instagram.fdoh5-3.fna.fbcdn.net/v/t51.2885-15/e35/c60.0.360.360a/234863561_513515329722293_1141972361481686041_n.jpg?_nc_ht=instagram.fdoh5-3.fna.fbcdn.net&_nc_cat=105&_nc_ohc=JBLzZKGplUoAX8hJe6l&edm=AMKDjl4BAAAA&ccb=7-4&oh=3dd9057bac65831c932e90b4e3489619&oe=611B5F2A&_nc_sid=1fe099&ig_cache_key=MjYzODE4MjgyMzA1MjYwNTY1Mw%3D%3D.2-ccb7-4
20,https://instagram.fdoh5-3.fna.fbcdn.net/v/t51.2885-15/e35/235554009_359019319112199_1656964032151030240_n.jpg?_nc_ht=instagram.fdoh5-3.fna.fbcdn.net&_nc_cat=103&_nc_ohc=mlMVe1BiyhgAX87_B4f&tn=Ig8Fz6UCVVwhp9tm&edm=AMKDjl4BAAAA&ccb=7-4&oh=cbc50a0373f543217ca4730ecc077302&oe=611BB417&_nc_sid=1fe099&ig_cache_key=MjYzODE4MjgxMDg5ODU5NTMwMA%3D%3D.2-ccb7-4
21,https://instagram.fdoh5-2.fna.fbcdn.net/v/t51.2885-15/fr/e15/s1080x1080/236443234_262797849018626_5186753061989003155_n.jpg?_nc_ht=instagram.fdoh5-2.fna.fbcdn.net&_nc_cat=102&_nc_ohc=3v9o0VWXZJsAX-FNccC&edm=AMKDjl4BAAAA&ccb=7-4&oh=5a82086f8b7591ad0588418e55855f19&oe=611C22E2&_nc_sid=1fe099&ig_cache_key=MjYzODE4MjcwNDYwNzM0MDAzNg%3D%3D.2-ccb7-4
22,https://instagram.fdoh5-2.fna.fbcdn.net/v/t51.2885-15/e35/235219014_573936220458080_1704189233709730368_n.jpg?_nc_ht=instagram.fdoh5-2.fna.fbcdn.net&_nc_cat=108&_nc_ohc=es7xjU8fCZIAX_wrKTU&edm=AMKDjl4BAAAA&ccb=7-4&oh=a82fa62e7c743bfbebea384f169930b7&oe=611B8CC5&_nc_sid=1fe099&ig_cache_key=MjYzODE4MjY4MTUyMTg2OTUxNQ%3D%3D.2-ccb7-4
23,https://instagram.fdoh5-3.fna.fbcdn.net/v/t51.2885-15/e35/236674803_1001631250483822_4687961621393254516_n.jpg?_nc_ht=instagram.fdoh5-3.fna.fbcdn.net&_nc_cat=110&_nc_ohc=hqjn_w_byJAAX_vAAeh&edm=AMKDjl4BAAAA&ccb=7-4&oh=8bd6a0846c4304d5bd7490344c64bb3f&oe=611BD026&_nc_sid=1fe099&ig_cache_key=MjYzODE4MjYzMzE1MjE5OTE1MQ%3D%3D.2-ccb7-4
24,https://instagram.fdoh5-3.fna.fbcdn.net/v/t51.2885-15/e35/235455143_543299530052475_3403288614013393099_n.jpg?_nc_ht=instagram.fdoh5-3.fna.fbcdn.net&_nc_cat=103&_nc_ohc=2vbdMUgeYmIAX_H0kwD&edm=AMKDjl4BAAAA&ccb=7-4&oh=1c4f1a26ed5bbb69d6ce7f238c12d5ac&oe=611C24BB&_nc_sid=1fe099&ig_cache_key=MjYzODE4MjU4MzI2NTk4MTEwMw%3D%3D.2-ccb7-4
25,https://instagram.fdoh5-2.fna.fbcdn.net/v/t51.2885-15/e35/236153710_797085794314353_280981285511354944_n.jpg?_nc_ht=instagram.fdoh5-2.fna.fbcdn.net&_nc_cat=109&_nc_ohc=IVDfMV8G4jsAX-Cp-GL&edm=AMKDjl4BAAAA&ccb=7-4&oh=7da8d79671b20c99b793d9d08d5812b9&oe=611A58A7&_nc_sid=1fe099&ig_cache_key=MjYzODE4MjU4NjI4NTAzNDcyMg%3D%3D.2-ccb7-4
26,https://instagram.fdoh5-3.fna.fbcdn.net/v/t51.2885-15/e35/236370948_239516701368814_3791857009796840121_n.jpg?_nc_ht=instagram.fdoh5-3.fna.fbcdn.net&_nc_cat=110&_nc_ohc=hqkyleyxhJ0AX9PKqRk&edm=AMKDjl4BAAAA&ccb=7-4&oh=fd827a63fc801e254d2986384fcb9733&oe=611BFF34&_nc_sid=1fe099&ig_cache_key=MjYzODE4MjQ4NzkyODc5MDM4Ng%3D%3D.2-ccb7-4
27,https://instagram.fdoh5-3.fna.fbcdn.net/v/t51.2885-15/e35/c0.86.720.720a/236039044_172301388329950_1835805823431081071_n.jpg?_nc_ht=instagram.fdoh5-3.fna.fbcdn.net&_nc_cat=110&_nc_ohc=swVlEkiHBsYAX_E3yaT&edm=AMKDjl4BAAAA&ccb=7-4&oh=40f14cece2f253c50481637092a661f1&oe=611B604E&_nc_sid=1fe099&ig_cache_key=MjYzODE4MjQ0MjY4MDc1Njk4Nw%3D%3D.2-ccb7-4
28,https://instagram.fdoh5-2.fna.fbcdn.net/v/t51.2885-15/e35/c60.0.360.360a/234796967_351374389785757_4009219108629052334_n.jpg?_nc_ht=instagram.fdoh5-2.fna.fbcdn.net&_nc_cat=101&_nc_ohc=1sVZ_e2tBb8AX-l2vBK&edm=AMKDjl4BAAAA&ccb=7-4&oh=1cb33070369cd7759922ae9b30a15fde&oe=611AA5D5&_nc_sid=1fe099&ig_cache_key=MjYzODE4MjM5NzE3OTY3OTg4MA%3D%3D.2-ccb7-4
29,https://instagram.fdoh5-3.fna.fbcdn.net/v/t51.2885-15/e35/235767990_542477230208655_2532167181327940926_n.jpg?_nc_ht=instagram.fdoh5-3.fna.fbcdn.net&_nc_cat=103&_nc_ohc=d-UWqy-I0aQAX_4uX30&edm=AMKDjl4BAAAA&ccb=7-4&oh=9bc3608465bdbf87aa044186b7444edd&oe=611BF392&_nc_sid=1fe099&ig_cache_key=MjYzODE4MjE4OTk3MjcyNDc2MQ%3D%3D.2-ccb7-4
30,https://instagram.fdoh5-3.fna.fbcdn.net/v/t51.2885-15/e35/235452367_4007547662700922_8679315609624724936_n.jpg?_nc_ht=instagram.fdoh5-3.fna.fbcdn.net&_nc_cat=110&_nc_ohc=pmpTHf-WOF0AX-cLDIN&edm=AMKDjl4BAAAA&ccb=7-4&oh=9e91869c9ed06e35dd85051bb2f4fad3&oe=611C057C&_nc_sid=1fe099&ig_cache_key=MjYzODE4MjI4MDYxMzQzODE0Mw%3D%3D.2-ccb7-4
31,https://instagram.fdoh5-3.fna.fbcdn.net/v/t51.2885-15/fr/e15/s1080x1080/236299676_982917342552252_563846606675760985_n.jpg?_nc_ht=instagram.fdoh5-3.fna.fbcdn.net&_nc_cat=100&_nc_ohc=demNSotfZaIAX9d-tOH&edm=AMKDjl4BAAAA&ccb=7-4&oh=f9d647a909a7f68fb415fda257eae638&oe=611B3C0A&_nc_sid=1fe099&ig_cache_key=MjYzODE4MjI0NDQzMjAzMzM4OQ%3D%3D.2-ccb7-4
32,https://instagram.fdoh5-2.fna.fbcdn.net/v/t51.2885-15/e35/236354397_2942145582717244_128365166150906802_n.jpg?_nc_ht=instagram.fdoh5-2.fna.fbcdn.net&_nc_cat=104&_nc_ohc=9k-0EoM-Uj8AX9rFQRl&edm=AMKDjl4BAAAA&ccb=7-4&oh=e06c4685028d2a17745b8d7a30607583&oe=611B7E00&_nc_sid=1fe099&ig_cache_key=MjYzODE4MjIzMTE3Njg2NDE3NQ%3D%3D.2-ccb7-4
33,https://instagram.fdoh5-3.fna.fbcdn.net/v/t51.2885-15/e35/c60.0.360.360a/235440776_569455810747402_1328365218677235703_n.jpg?_nc_ht=instagram.fdoh5-3.fna.fbcdn.net&_nc_cat=110&_nc_ohc=VQPvm_htW3sAX8gjl4s&edm=AMKDjl4BAAAA&ccb=7-4&oh=ddc74b5b0ec4d0e96ac9d9eee33e895c&oe=611BF2CD&_nc_sid=1fe099&ig_cache_key=MjYzODE4MjE5MjE3OTAzOTIyNg%3D%3D.2-ccb7-4
34,https://instagram.fdoh5-2.fna.fbcdn.net/v/t51.2885-15/e35/c90.0.540.540a/235980940_520113792384050_7905062615602954126_n.jpg?_nc_ht=instagram.fdoh5-2.fna.fbcdn.net&_nc_cat=102&_nc_ohc=Z03b-Y-wTMwAX_l_cPL&tn=Ig8Fz6UCVVwhp9tm&edm=AMKDjl4BAAAA&ccb=7-4&oh=e959590a0c236eb2f484d6eb970cfd8b&oe=611BAC5B&_nc_sid=1fe099&ig_cache_key=MjYzODE4MTkyNDM3MTY3MTk4MA%3D%3D.2-ccb7-4
35,https://instagram.fdoh5-2.fna.fbcdn.net/v/t51.2885-15/e35/235314637_843761359861645_1938678528605064675_n.jpg?_nc_ht=instagram.fdoh5-2.fna.fbcdn.net&_nc_cat=101&_nc_ohc=bygF0qzVlAUAX-zr1un&edm=AMKDjl4BAAAA&ccb=7-4&oh=1610e28e51f1ac56769e9dfb14e770e8&oe=611A4076&_nc_sid=1fe099&ig_cache_key=MjYzODE4MTg5NDY2MTczNzI1OA%3D%3D.2-ccb7-4
36,https://instagram.fdoh5-2.fna.fbcdn.net/v/t51.2885-15/e35/234840731_159406199544256_2534297650675308173_n.jpg?_nc_ht=instagram.fdoh5-2.fna.fbcdn.net&_nc_cat=104&_nc_ohc=Ch42TkXCC8kAX_h-gh0&tn=Ig8Fz6UCVVwhp9tm&edm=AMKDjl4BAAAA&ccb=7-4&oh=531495481caef4b13ded5334b3766271&oe=611AFB56&_nc_sid=1fe099&ig_cache_key=MjYzODE4MTg5MDE5OTM2MzQ4NQ%3D%3D.2-ccb7-4
37,https://instagram.fdoh5-2.fna.fbcdn.net/v/t51.2885-15/e35/c0.12.320.320a/236092749_523345055621999_8718441275808986070_n.jpg?_nc_ht=instagram.fdoh5-2.fna.fbcdn.net&_nc_cat=111&_nc_ohc=QVqjw4yXsKIAX8-YI3Z&edm=AMKDjl4BAAAA&ccb=7-4&oh=5f2aee331e1ebd941bae74b179207996&oe=611ACD1E&_nc_sid=1fe099&ig_cache_key=MjYzODE4MTczMzc5OTQzODIwNg%3D%3D.2-ccb7-4
38,https://instagram.fdoh5-3.fna.fbcdn.net/v/t51.2885-15/e35/c135.0.540.540a/235818752_1185790375270793_1929486507593520962_n.jpg?_nc_ht=instagram.fdoh5-3.fna.fbcdn.net&_nc_cat=105&_nc_ohc=RZahwNdunFYAX8Nw3qY&edm=AMKDjl4BAAAA&ccb=7-4&oh=f95699fb2d571847cd6c8a016d81d7f7&oe=611B3C21&_nc_sid=1fe099&ig_cache_key=MjYzODE4MTQ3NzMwMDc4NjU1NA%3D%3D.2-ccb7-4
39,https://instagram.fdoh5-2.fna.fbcdn.net/v/t51.2885-15/e35/c196.0.688.688a/236010564_1832162013652118_3690852783695567598_n.jpg?_nc_ht=instagram.fdoh5-2.fna.fbcdn.net&_nc_cat=102&_nc_ohc=rzf4EMcVbXEAX8mEafv&edm=AMKDjl4BAAAA&ccb=7-4&oh=37e6ae5c4715fbdb1ba93f3bdd0534c3&oe=611A6950&_nc_sid=1fe099&ig_cache_key=MjYzODE4MTQxNjA5MTUzNDA2MQ%3D%3D.2-ccb7-4
40,https://instagram.fdoh5-3.fna.fbcdn.net/v/t51.2885-15/e35/235557657_893908507882721_3764473153978173138_n.jpg?_nc_ht=instagram.fdoh5-3.fna.fbcdn.net&_nc_cat=105&_nc_ohc=SJrysTh3em4AX8A9m10&edm=AMKDjl4BAAAA&ccb=7-4&oh=698d8b4b3ec8def46172bce3dd0b149d&oe=611ACD32&_nc_sid=1fe099&ig_cache_key=MjYzODE4MTM5ODk1MzYyODA0MQ%3D%3D.2-ccb7-4
41,https://instagram.fdoh5-3.fna.fbcdn.net/v/t51.2885-15/e35/235455457_3071054309793070_3830694557481795935_n.jpg?_nc_ht=instagram.fdoh5-3.fna.fbcdn.net&_nc_cat=110&_nc_ohc=GcAdHu7OKMcAX_ihJEm&edm=AMKDjl4BAAAA&ccb=7-4&oh=b83a342cbc6de26bb86ccd71a3c89096&oe=611B7E60&_nc_sid=1fe099&ig_cache_key=MjYzODE4MTMwMzU3NTQwMzA3MQ%3D%3D.2-ccb7-4
42,https://instagram.fdoh5-2.fna.fbcdn.net/v/t51.2885-15/e35/c82.0.915.915a/235705528_202639685212629_6340296778476001017_n.jpg?_nc_ht=instagram.fdoh5-2.fna.fbcdn.net&_nc_cat=109&_nc_ohc=j1ex4qbZaXsAX_zFyaK&edm=AMKDjl4BAAAA&ccb=7-4&oh=35a0c95a99d925dc89e2765109d2d417&oe=611A3897&_nc_sid=1fe099&ig_cache_key=MjYzODE4MTI4MTEzNTcyMzk0OQ%3D%3D.2-ccb7-4
43,https://instagram.fdoh5-2.fna.fbcdn.net/v/t51.2885-15/e35/234813390_519431982450445_6697528232368673858_n.jpg?_nc_ht=instagram.fdoh5-2.fna.fbcdn.net&_nc_cat=101&_nc_ohc=SJLyZVgEFyIAX891qNG&edm=AMKDjl4BAAAA&ccb=7-4&oh=a1c07c7bf437c23ae9bcfb560d55df2a&oe=611A811B&_nc_sid=1fe099&ig_cache_key=MjYzODE4MTExMTc4NDk1MDM1OQ%3D%3D.2-ccb7-4
44,https://instagram.fdoh5-2.fna.fbcdn.net/v/t51.2885-15/e35/c0.0.827.827a/235818754_240784354570451_437259626287887388_n.jpg?_nc_ht=instagram.fdoh5-2.fna.fbcdn.net&_nc_cat=111&_nc_ohc=M54R6Vorrn4AX8Ru8fe&edm=AMKDjl4BAAAA&ccb=7-4&oh=aa979a76587ad2a2fd80f1990c2a6ae8&oe=611A9FFA&_nc_sid=1fe099&ig_cache_key=MjYzODE4MTEwMjU4NDQxNzIzNg%3D%3D.2-ccb7-4
45,https://instagram.fdoh5-2.fna.fbcdn.net/v/t51.2885-15/e35/c253.0.555.555a/235284316_2939177726401504_2382222231375358792_n.jpg?_nc_ht=instagram.fdoh5-2.fna.fbcdn.net&_nc_cat=104&_nc_ohc=yZsoOzUNcuUAX_Jtgyl&edm=AMKDjl4BAAAA&ccb=7-4&oh=825ea15ec8a69462afa2179210ea03c6&oe=611B1EC6&_nc_sid=1fe099&ig_cache_key=MjYzODE4MTAyNTkxMTMwNjU2NA%3D%3D.2-ccb7-4
46,https://instagram.fdoh5-3.fna.fbcdn.net/v/t51.2885-15/e35/235692982_254328249847217_5089805734826256404_n.jpg?_nc_ht=instagram.fdoh5-3.fna.fbcdn.net&_nc_cat=105&_nc_ohc=lyRp5I6eQlgAX-gU7u8&edm=AMKDjl4BAAAA&ccb=7-4&oh=7e8dfe15b212b156bf0c8962cd89bcf7&oe=611B6345&_nc_sid=1fe099&ig_cache_key=MjYzODE4MDkwNzMwNjExMjA4OQ%3D%3D.2-ccb7-4
47,https://instagram.fdoh5-2.fna.fbcdn.net/v/t51.2885-15/fr/e15/s1080x1080/236565742_2649700525326860_6317164323462029201_n.jpg?_nc_ht=instagram.fdoh5-2.fna.fbcdn.net&_nc_cat=108&_nc_ohc=e9aINyaa8M8AX_Pi23e&edm=AMKDjl4BAAAA&ccb=7-4&oh=aa16a89c3f307d852bd2e141d87f42c7&oe=611AED18&_nc_sid=1fe099&ig_cache_key=MjYzODE4MDg0MzQ1MTg4MTQ4MA%3D%3D.2-ccb7-4
48,https://instagram.fdoh5-2.fna.fbcdn.net/v/t51.2885-15/e35/234846036_194055489441796_2191128126113009830_n.jpg?_nc_ht=instagram.fdoh5-2.fna.fbcdn.net&_nc_cat=104&_nc_ohc=OojBLUASMjoAX8vTONQ&edm=AMKDjl4BAAAA&ccb=7-4&oh=1b182fd9f99bf388c987ad2b90cd5049&oe=611C0B31&_nc_sid=1fe099&ig_cache_key=MjYzODE4MDgxNjUzMjkxMDE0MA%3D%3D.2-ccb7-4
49,https://instagram.fdoh5-2.fna.fbcdn.net/v/t51.2885-15/e35/c179.0.720.720a/236572856_563545668102248_2630830272792622690_n.jpg?_nc_ht=instagram.fdoh5-2.fna.fbcdn.net&_nc_cat=108&_nc_ohc=_S_23Sp4IHQAX-VmBbB&tn=Ig8Fz6UCVVwhp9tm&edm=AMKDjl4BAAAA&ccb=7-4&oh=f85c48d29626114f930ae2e1b3b979d3&oe=611ABBA0&_nc_sid=1fe099&ig_cache_key=MjYzODE4MDc4MDY3OTIxMTE2Mg%3D%3D.2-ccb7-4
50,https://instagram.fdoh5-3.fna.fbcdn.net/v/t51.2885-15/e35/234801353_395326661933011_6190563145139230683_n.jpg?_nc_ht=instagram.fdoh5-3.fna.fbcdn.net&_nc_cat=107&_nc_ohc=OQhnqJ1tfusAX8zw5-S&tn=Ig8Fz6UCVVwhp9tm&edm=AMKDjl4BAAAA&ccb=7-4&oh=0977c2d1d7bf6acdf351d5a38c286e7d&oe=611BBC1B&_nc_sid=1fe099&ig_cache_key=MjYzODE4MDcyMDYyNTk5OTkyMA%3D%3D.2-ccb7-4
